Workbook

Sheet Resumen
A1: Sprint Backlog General – LBWUS
A2: Sprint | B2: Estado | C2: Sprint Goal / objetivo de referencia | D2: Items seleccionados | E2: Detalle cargado | F2: Por hacer | G2: En curso | H2: En revisión | I2: Finalizados | J2: % finalizado
A3: Sprint 1 | B3: Finalizado | C3: OBJETIVO DOCUMENTAL (no consta en campo Sprint Goal de Jira): Establecer una base técnica integrada y segura que permita autenticar usuarios, controlar accesos y disponer de componentes para continuar el desarrollo de LBWUS. | D3: =COUNTA('Sprint 1'!$A$7:$A$22) -> 16 | E3: =COUNTA('Sprint 1'!$A$7:$A$22) -> 16 | F3: =COUNTIF('Sprint 1'!$F$7:$F$22,"Por hacer") -> 0 | G3: =COUNTIF('Sprint 1'!$F$7:$F$22,"En curso") -> 0 | H3: =COUNTIF('Sprint 1'!$F$7:$F$22,"En revisión") -> 0 | I3: =COUNTIF('Sprint 1'!$F$7:$F$22,"Finalizado") -> 16 | J3: =IFERROR(I3/D3,0) -> 1
A4: Sprint 2 | B4: Finalizado | C4: OBJETIVO DOCUMENTAL (no consta en campo Sprint Goal de Jira): Consolidar técnicamente LBWUS mediante estabilización de componentes, actualización de datos, seguridad, pruebas y documentación. | D4: =COUNTA('Sprint 2'!$A$7:$A$30) -> 24 | E4: =COUNTA('Sprint 2'!$A$7:$A$30) -> 24 | F4: =COUNTIF('Sprint 2'!$F$7:$F$30,"Por hacer") -> 0 | G4: =COUNTIF('Sprint 2'!$F$7:$F$30,"En curso") -> 0 | H4: =COUNTIF('Sprint 2'!$F$7:$F$30,"En revisión") -> 0 | I4: =COUNTIF('Sprint 2'!$F$7:$F$30,"Finalizado") -> 24 | J4: =IFERROR(I4/D4,0) -> 1
A5: Sprint 3 | B5: En curso | C5: Permitir que estudiantes encuentren profesionales con información real, consulten disponibilidad y realicen inscripciones controladas, validando cupos, accesos y seguridad de pago. | D5: 8 | E5: 8 | F5: =COUNTIF('Sprint 3'!$F$7:$F$14,"Por hacer") -> 8 | G5: =COUNTIF('Sprint 3'!$F$7:$F$14,"En curso") -> 0 | H5: =COUNTIF('Sprint 3'!$F$7:$F$14,"En revisión") -> 0 | I5: =COUNTIF('Sprint 3'!$F$7:$F$14,"Finalizado") -> 0 | J5: =IFERROR(I5/D5,0) -> 0
A6: Sprint 4 | B6: Pendiente de planificación | C6: Se definirá durante el Sprint Planning correspondiente. | D6: 0 | E6: 0 | F6: 0 | G6: 0 | H6: 0 | I6: 0 | J6: =IF(D6=0,0,I6/D6) -> 0
A7: Sprint 5 | B7: Pendiente de planificación | C7: Se definirá durante el Sprint Planning correspondiente. | D7: 0 | E7: 0 | F7: 0 | G7: 0 | H7: 0 | I7: 0 | J7: =IF(D7=0,0,I7/D7) -> 0 | M7: Nota: Los Sprints 4 y 5 aún no cuentan con elementos seleccionados; sus tareas se definirán durante el Sprint Planning correspondiente.

Sheet Sprint 1
A1: Sprint Backlog – LBWUS · Sprint 1
A2: Épica | B2: Fundamentos técnicos, acceso y seguridad de la plataforma web LBWUS
A3: Sprint | B3: Sprint 1 | C3: Estado | D3: Finalizado | E3: Items seleccionados | F3: =COUNTA(A7:A22) -> 16
A4: Sprint Goal | B4: Establecer una base técnica integrada y segura que permita autenticar usuarios, controlar accesos y disponer de los componentes fundamentales para continuar el desarrollo de la plataforma web LBWUS. | C4: Naturaleza del Goal | D4: Objetivo de referencia reconstruido a partir del alcance. El campo Sprint Goal del Sprint 1 está vacío en Jira. | E4: Fuente | F4: Jira (campo Sprint Goal sin registro); objetivo de referencia documental.
A6: ID Jira | B6: Elemento seleccionado | C6: Área / etiqueta | D6: Tipo | E6: Responsable | F6: Estado | G6: Prioridad | H6: Criterio de aceptación / Resultado esperado | I6: Dependencias / Observaciones | J6: Evidencia / Resultado
A7: SCRUM-17 | B7: 2.4 Diseñar experiencia y flujo de usuario | C7: UX/UI y Diseño | D7: Tarea | E7: Francheska Cisterna Porras | F7: Finalizado | G7: Media | H7: Los principales recorridos de usuario quedan definidos y son coherentes con las funcionalidades del MVP. | I7: Épica: Fundamentos técnicos, acceso y seguridad de la plataforma web LBWUS | Fecha objetivo Jira: 21/Sep/26 12:00 AM | Actividad evidenciada como finalizada en Jira. | J7: Resultado Jira: Finalizado. Referencia: vistas de usuario en alumnos/templates/alumnos/; captura de interfaz de Guía APT Fase 2. Validar entregable UX.
A8: SCRUM-16 | B8: 1.6 Actualizar documentación del proyecto | C8: Gestión del Proyecto | D8: Tarea | E8: Francheska Cisterna Porras | F8: Finalizado | G8: Media | H8: Los documentos del proyecto reflejan el estado vigente del desarrollo y los cambios acordados por el equipo. | I8: Épica: Fundamentos técnicos, acceso y seguridad de la plataforma web LBWUS | Fecha objetivo Jira: 28/Sep/26 12:00 AM | Actividad recurrente; puede generar nuevos ítems en Sprints futuros. | J8: Resultado Jira: Finalizado. Referencia: Guía APT Fase 2 y documentos técnicos LBWUS elaborados por el equipo; pendiente verificar publicación en Git.
A9: SCRUM-18 | B9: 2.6 Definir componentes reutilizables del diseño | C9: UX/UI y Diseño | D9: Tarea | E9: Francheska Cisterna Porras | F9: Finalizado | G9: Media | H9: Por definir / no incluido en la exportación de Jira. | I9: Épica: Fundamentos técnicos, acceso y seguridad de la plataforma web LBWUS | Fecha objetivo Jira: 28/Sep/26 12:00 AM | J9: Resultado Jira: Finalizado. Referencia técnica: alumnos/templates/alumnos/base.html e includes/navbar.html y footer.html.
A10: SCRUM-19 | B10: 3.4 Corregir templates y rutas | C10: Frontend | D10: Tarea | E10: Francheska Cisterna Porras | F10: Finalizado | G10: Alta | H10: Las vistas y rutas principales funcionan sin errores críticos y conducen al contenido esperado. | I10: Épica: Fundamentos técnicos, acceso y seguridad de la plataforma web LBWUS | Fecha objetivo Jira: 21/Sep/26 12:00 AM | Validar nuevamente cuando se integren cambios posteriores. | J10: Resultado Jira: Finalizado. Referencia técnica: alumnos/urls.py y alumnos/views.py; comprobar navegación y rutas en las evidencias funcionales.
A11: SCRUM-20 | B11: 3.5 Unificar base.html, navbar y footer | C11: Frontend | D11: Tarea | E11: Francheska Cisterna Porras | F11: Finalizado | G11: Media | H11: Por definir / no incluido en la exportación de Jira. | I11: Épica: Fundamentos técnicos, acceso y seguridad de la plataforma web LBWUS | Fecha objetivo Jira: 28/Sep/26 12:00 AM | J11: Resultado Jira: Finalizado. Referencia: alumnos/templates/alumnos/base.html, includes/navbar.html e includes/footer.html.
A12: SCRUM-21 | B12: 4.3 Corregir Views y URLs | C12: Backend | D12: Tarea | E12: Francheska Cisterna Porras | F12: Finalizado | G12: Alta | H12: Por definir / no incluido en la exportación de Jira. | I12: Épica: Fundamentos técnicos, acceso y seguridad de la plataforma web LBWUS | Fecha objetivo Jira: 28/Sep/26 12:00 AM | J12: Resultado Jira: Finalizado. Referencia: alumnos/views.py, alumnos/urls.py y lbwus/urls.py; pruebas de navegación por verificar.
A13: SCRUM-22 | B13: 4.4 Mejorar validaciones del Backend | C13: Backend | D13: Tarea | E13: Franco Eduardo Sáez Martinez | F13: Finalizado | G13: Alta | H13: Las entradas inválidas son rechazadas correctamente y los flujos principales mantienen consistencia. | I13: Épica: Fundamentos técnicos, acceso y seguridad de la plataforma web LBWUS | Fecha objetivo Jira: 21/Sep/26 12:00 AM | Mantener pruebas asociadas a los cambios. | J13: Resultado Jira: Finalizado. Referencia: alumnos/views.py y tests/test_control_acceso.py; capturas del código de pruebas.
A14: SCRUM-23 | B14: 4.5 Desarrollar lógica de negocio del MVP | C14: Backend | D14: Tarea | E14: Franco Eduardo Sáez Martinez | F14: Finalizado | G14: Alta | H14: Los flujos principales definidos para el MVP operan sin errores críticos y se integran con las vistas y persistencia. | I14: Épica: Fundamentos técnicos, acceso y seguridad de la plataforma web LBWUS | Fecha objetivo Jira: 21/Sep/26 12:00 AM | Requiere revisión continua al incorporar nuevas funcionalidades. | J14: Resultado Jira: Finalizado. Referencia: alumnos/views.py, alumnos/models.py y tests/test_flujos_funcionales.py; validar flujo completo.
A15: SCRUM-25 | B15: 5.5 Centralizar autenticación y eliminar duplicación de contraseñas | C15: Usuarios y Autenticación | D15: Tarea | E15: Franco Eduardo Sáez Martinez | F15: Finalizado | G15: Muy alta | H15: La autenticación utiliza una única fuente de credenciales y no existen contraseñas duplicadas entre modelos. | I15: Épica: Fundamentos técnicos, acceso y seguridad de la plataforma web LBWUS | Fecha objetivo Jira: 21/Sep/26 12:00 AM | Base para permisos y perfiles asociados a CustomUser. | J15: Resultado Jira: Finalizado. Referencia: modelo CustomUser en alumnos/models.py y código de autenticación de Django.
A16: SCRUM-26 | B16: 5.6 Vincular perfiles de usuario a CustomUser | C16: Usuarios y Autenticación | D16: Tarea | E16: Franco Eduardo Sáez Martinez | F16: Finalizado | G16: Alta | H16: Cada perfil queda relacionado con un usuario autenticado sin duplicidades y mantiene integridad referencial. | I16: Épica: Fundamentos técnicos, acceso y seguridad de la plataforma web LBWUS | Fecha objetivo Jira: 28/Sep/26 12:00 AM | Depende de la autenticación centralizada. | J16: Resultado Jira: Finalizado. Referencia: relaciones OneToOne con CustomUser de Tutor, Alumno y Profesor en alumnos/models.py.
A17: SCRUM-40 | B17: 8.3 Revisar y depurar base de datos SQLite actual | C17: Base de Datos | D17: Tarea | E17: Franco Eduardo Sáez Martinez | F17: Finalizado | G17: Muy alta | H17: Los datos de prueba innecesarios son eliminados, las relaciones son consistentes y la aplicación mantiene funcionamiento correcto. | I17: Épica: Fundamentos técnicos, acceso y seguridad de la plataforma web LBWUS | Fecha objetivo Jira: 21/Sep/26 12:00 AM | La base actual observada en el repositorio es SQLite; no se declara migración a MongoDB como implementada. | J17: Resultado Jira: Finalizado. Referencia: alumnos/models.py y persistencia relacional del proyecto; registro de depuración específica por confirmar.
... A22: SCRUM-53 | B22: 10.5 Completar documentación AS-IS y TO-BE | C22: QA, Documentación y Despliegue | D22: Tarea | E22: Benjamín Jonathan Nicovani Moya | F22: Finalizado | G22: Alta | H22: Por definir / no incluido en la exportación de Jira. | I22: Épica: Fundamentos técnicos, acceso y seguridad de la plataforma web LBWUS | Fecha objetivo Jira: 21/Sep/26 12:00 AM | J22: Resultado Jira: Finalizado. Evidencia documental AS-IS / TO-BE pendiente de vincular al repositorio; no consta archivo adjunto a esta planilla.

Sheet Sprint 2
A1: Sprint Backlog – LBWUS · Sprint 2
A2: Épica | B2: Consolidación técnica y validación integral de la plataforma web LBWUS
A3: Sprint | B3: Sprint 2 | C3: Estado | D3: Finalizado | E3: Items seleccionados | F3: =COUNTA(A7:A30) -> 24
A4: Sprint Goal | B4: Consolidar técnicamente la plataforma web LBWUS mediante la estabilización de sus componentes, actualización del modelo de datos, fortalecimiento de la seguridad y validación de la solución mediante pruebas y documentación técnica. | C4: Naturaleza del Goal | D4: Objetivo de referencia reconstruido a partir del alcance. El campo Sprint Goal del Sprint 2 no consta en Jira. | E4: Fuente | F4: Jira (campo Sprint Goal sin registro); objetivo de referencia documental.
A6: ID Jira | B6: Elemento seleccionado | C6: Área / etiqueta | D6: Tipo | E6: Responsable | F6: Estado | G6: Prioridad | H6: Criterio de aceptación / Resultado esperado | I6: Dependencias / Observaciones | J6: Evidencia / Resultado
A7: SCRUM-41 | B7: 8.4 Normalizar el modelo de datos | C7: Base de Datos | D7: Tarea | E7: Franco Eduardo Sáez Martinez | F7: Finalizado | G7: Muy alta | H7: El modelo actualizado reduce redundancias, mantiene relaciones consistentes y soporta los flujos definidos para el MVP. | I7: Épica: Consolidación técnica y validación integral de la plataforma web LBWUS | Fecha objetivo Jira: 04/Oct/26 12:00 AM | Relacionada con MER actualizado y entidades del nuevo MVP. | J7: Resultado Jira: Finalizado. Referencia: alumnos/models.py, migraciones Django e Informe de Modelo de Datos; comprobar normalización.
A8: SCRUM-28 | B8: 6.8 Revisar y estabilizar los CRUD existentes | C8: Funcionalidades Actuales | D8: Tarea | E8: Franco Eduardo Sáez Martinez | F8: Finalizado | G8: Alta | H8: Las operaciones crear, consultar, modificar y eliminar funcionan sin errores críticos en los módulos incluidos en el Sprint. | I8: Épica: Consolidación técnica y validación integral de la plataforma web LBWUS | Fecha objetivo Jira: 04/Oct/26 12:00 AM | Revisar después de cambios en modelos y relaciones. | J8: Resultado Jira: Finalizado. Referencia: alumnos/views.py y vistas de user_profesor/; resultados de pruebas CRUD por vincular.
A9: SCRUM-27 | B9: 6.6 Corregir y adaptar portales según tipo de usuario | C9: Funcionalidades Actuales | D9: Tarea | E9: Francheska Cisterna Porras | F9: Finalizado | G9: Alta | H9: Cada tipo de usuario visualiza únicamente el portal, opciones y acciones que corresponden a su rol. | I9: Épica: Consolidación técnica y validación integral de la plataforma web LBWUS | Fecha objetivo Jira: 03/Oct/26 12:00 AM | Relacionada con permisos y autenticación. | J9: Resultado Jira: Finalizado. Referencia: tests/test_portales_por_rol.py, vistas de usuario y captura de la interfaz LBWUS.
A10: SCRUM-42 | B10: 8.5 Diseñar MER actualizado de LBWUS | C10: Base de Datos | D10: Tarea | E10: Franco Eduardo Sáez Martinez | F10: Finalizado | G10: Muy alta | H10: El MER representa las entidades, atributos y relaciones vigentes del sistema y es coherente con los modelos implementados. | I10: Épica: Consolidación técnica y validación integral de la plataforma web LBWUS | Fecha objetivo Jira: 05/Oct/26 12:00 AM | Debe alinearse con los modelos Django actuales y futuras decisiones de persistencia. | J10: Resultado Jira: Finalizado. Evidencia: Informe de Modelo de Datos y alumnos/models.py; diagrama MER debe coincidir con los modelos.
A11: SCRUM-47 | B11: 9.5 Implementar protección, privacidad y minimización de datos personales | C11: Seguridad | D11: Tarea | E11: Benjamín Jonathan Nicovani Moya | F11: Finalizado | G11: Muy alta | H11: Los formularios y modelos solicitan solo datos necesarios y se aplican controles de privacidad definidos para LBWUS. | I11: Épica: Consolidación técnica y validación integral de la plataforma web LBWUS | Fecha objetivo Jira: 06/Oct/26 12:00 AM | Relacionada con RNF de seguridad y privacidad. | J11: Resultado Jira: Finalizado. Referencia: lbwus/settings.py, modelos y pruebas de permisos; cumplimiento completo de privacidad por verificar.
A12: SCRUM-43 | B12: 8.6 Crear entidades necesarias para el nuevo MVP | C12: Base de Datos | D12: Tarea | E12: Franco Eduardo Sáez Martinez | F12: Finalizado | G12: Muy alta | H12: Las nuevas entidades quedan implementadas y relacionadas correctamente con el modelo de datos actualizado. | I12: Épica: Consolidación técnica y validación integral de la plataforma web LBWUS | Fecha objetivo Jira: 07/Oct/26 12:00 AM | Depende de la definición/actualización del modelo. | J12: Resultado Jira: Finalizado. Referencia: alumnos/models.py y archivos de alumnos/migrations/; cotejar entidades implementadas.
A13: SCRUM-49 | B13: 10.1 Ejecutar pruebas funcionales del MVP | C13: QA, Documentación y Despliegue | D13: Tarea | E13: Benjamín Jonathan Nicovani Moya | F13: Finalizado | G13: Muy alta | H13: Los flujos principales son ejecutados y los resultados, incidencias y evidencias quedan registrados. | I13: Épica: Consolidación técnica y validación integral de la plataforma web LBWUS | Fecha objetivo Jira: 08/Oct/26 12:00 AM | Requiere funcionalidades integradas para validar. | J13: Resultado Jira: Finalizado. Evidencia: Plan de Pruebas LBWUS y tests/test_flujos_funcionales.py; no equivale a ejecución actual aprobada.
A14: SCRUM-50 | B14: 10.2 Realizar pruebas de usabilidad | C14: QA, Documentación y Despliegue | D14: Tarea | E14: Francheska Cisterna Porras | F14: Finalizado | G14: Alta | H14: Se registran participantes, tareas evaluadas, hallazgos y oportunidades de mejora sobre los flujos principales. | I14: Épica: Consolidación técnica y validación integral de la plataforma web LBWUS | Fecha objetivo Jira: 08/Oct/26 12:00 AM | Relacionada con RNF de usabilidad. | J14: Resultado Jira: Finalizado. Referencia: Plan de Pruebas LBWUS (apartado de usabilidad); actas o resultados de usuarios por adjuntar.
A15: SCRUM-51 | B15: 10.3 Ejecutar pruebas de integración y regresión | C15: QA, Documentación y Despliegue | D15: Tarea | E15: Franco Eduardo Sáez Martinez | F15: Finalizado | G15: Muy alta | H15: Los componentes integrados funcionan en conjunto y los cambios no generan fallos críticos en funcionalidades previamente validadas. | I15: Épica: Consolidación técnica y validación integral de la plataforma web LBWUS | Fecha objetivo Jira: 09/Oct/26 12:00 AM | Ejecutar después de integrar cambios del Sprint. | J15: Resultado Jira: Finalizado. Referencia: alumnos/tests_integracion.py y tests/; resultados reproducibles de ejecución por adjuntar.
A16: SCRUM-59 | B16: 11.1 Documentar metodología Scrum y su justificación en LBWUS | C16: QA, Documentación y Despliegue | D16: Tarea | E16: Francheska Cisterna Porras | F16: Finalizado | G16: Alta | H16: El documento describe justificación, aplicación, roles, artefactos, eventos, DoD, herramientas y evidencias de Scrum en LBWUS. | I16: Épica: Consolidación técnica y validación integral de la plataforma web LBWUS | Fecha objetivo Jira: 03/Oct/26 12:00 AM | Documento desarrollado; actualizar estado real en Jira si corresponde. | J16: Resultado Jira: Finalizado. Documento: Metodología Scrum y su justificación en LBWUS (Word actualizado).
A17: SCRUM-60 | B17: 11.2 Elaborar Product Vision de LBWUS | C17: QA, Documentación y Despliegue | D17: Tarea | E17: Benjamín Jonathan Nicovani Moya | F17: Finalizado | G17: Alta | H17: La Product Vision define usuarios, problema, propuesta de valor, objetivos y orientación del producto. | I17: Épica: Consolidación técnica y validación integral de la plataforma web LBWUS | Fecha objetivo Jira: 03/Oct/26 12:00 AM | Validar con el equipo antes de cerrar. | J17: Resultado Jira: Finalizado. Documento: Product_Vision_LBWUS_FORMATO_INFORME.docx.
... A30: SCRUM-75 | B30: 11.15 Consolidar Evidencias de Fase 2 | C30: QA, Documentación y Despliegue | D30: Tarea | E30: Benjamín Jonathan Nicovani Moya | F30: Finalizado | G30: Muy alta | H30: Por definir / no incluido en la exportación de Jira. | I30: Épica: Consolidación técnica y validación integral de la plataforma web LBWUS | Fecha objetivo Jira: 10/Oct/26 12:00 AM | J30: Resultado Jira: Finalizado. Evidencia: Guía APT Fase 2 con capturas Jira, GitHub, interfaz, Django y pruebas; subir a Git.

Sheet Sprint 3
A1: Sprint Backlog – LBWUS · Sprint 3
A2: Épica | B2: Búsqueda, disponibilidad y reservas seguras en la plataforma web LBWUS
A3: Sprint | B3: Sprint 3 | C3: Estado | D3: En curso | E3: Items seleccionados | F3: 8 | G3: Periodo | H3: 12–25/10/2026
A4: Sprint Goal | B4: Permitir que estudiantes encuentren profesionales con información real, consulten disponibilidad y realicen inscripciones controladas, validando cupos, accesos y seguridad de pago. | C4: Regla Scrum | D4: El detalle corresponde solo a elementos seleccionados en Sprint Planning. | E4: Fuente | F4: Jira / evidencia del proyecto | G4: Avance | H4: 0 de 8 tareas finalizadas
A6: ID Jira | B6: Elemento seleccionado | C6: Área / etiqueta | D6: Tipo | E6: Responsable | F6: Estado | G6: Prioridad | H6: Criterio de aceptación / Resultado esperado | I6: Dependencias / Observaciones | J6: Evidencia / Resultado
A7: SCRUM-29 | B7: Integrar la selección de clases y la inscripción en la experiencia del estudiante | C7: Frontend / Inscripciones | D7: Tarea | E7: Benjamín Jonathan Nicovani Moya | F7: Por hacer | G7: Media | H7: Selección de clase y profesor reales; inscripción correcta en backend; confirmación o error; pruebas con y sin sesión; sin reservas simuladas. | I7: Épica SCRUM-79 | Fecha objetivo: 25/10/2026 | Integrar vista del alumno y lógica Django. | J7: Pendiente de desarrollo y validación.
A8: SCRUM-30 | B8: Integrar buscador de profesionales con datos reales de Django | C8: Frontend / Búsqueda | D8: Tarea | E8: Francheska Cisterna Porras | F8: Por hacer | G8: Muy alta | H8: Buscar profesionales reales por nombre y especialidad; excluir perfiles no aprobados; evitar métricas simuladas; contemplar resultados vacíos. | I8: Épica SCRUM-79 | Fecha objetivo: 25/10/2026 | alumnos/views.py; Alumno_pag1.html. | J8: Pendiente de desarrollo y validación.
A9: SCRUM-31 | B9: Completar filtros de búsqueda por especialidad, modalidad y disponibilidad real | C9: Frontend / Búsqueda | D9: Tarea | E9: Francheska Cisterna Porras | F9: Por hacer | G9: Alta | H9: Filtrar por especialidad, modalidad y disponibilidad efectiva; combinar criterios y manejar búsquedas sin resultados; pruebas de interfaz. | I9: Épica SCRUM-79 | Depende de SCRUM-33 | Fecha objetivo: 25/10/2026. | J9: Pendiente de desarrollo y validación.
A10: SCRUM-32 | B10: Implementar perfil profesional detallado con información real y privacidad | C10: Frontend / Perfiles | D10: Tarea | E10: Benjamín Jonathan Nicovani Moya | F10: Por hacer | G10: Muy alta | H10: Mostrar perfil aprobado, especialidad y clases reales, sin exponer RUT, títulos ni datos bancarios; navegación responsiva y pruebas de permisos. | I10: Épica SCRUM-79 | Fecha objetivo: 25/10/2026 | Perfil conectado al catálogo. | J10: Pendiente de desarrollo y validación.
A11: SCRUM-33 | B11: Ampliar modelo de disponibilidad con fecha, cupos y valor de tutoría | C11: Base de Datos | D11: Tarea | E11: Franco Eduardo Sáez Martinez | F11: Por hacer | G11: Muy alta | H11: Modelar sesiones con fecha, cupos y valor; migraciones Django; validaciones de fechas/cupos; pruebas de integridad y consultas. | I11: Épica SCRUM-79 | Fecha objetivo: 25/10/2026 | Base para SCRUM-31 y SCRUM-34. | J11: Pendiente de desarrollo y validación.
A12: SCRUM-34 | B12: Implementar reserva segura y control de cupos para clases | C12: Backend / Reservas | D12: Tarea | E12: Franco Eduardo Sáez Martinez | F12: Por hacer | G12: Muy alta | H12: Impedir reservas duplicadas; validar cupos al confirmar; operación atómica ante concurrencia; pruebas de reservas válidas, duplicadas y sin cupo. | I12: Épica SCRUM-79 | Depende de SCRUM-33 | Fecha objetivo: 25/10/2026. | J12: Pendiente de desarrollo y validación.
A13: SCRUM-48 | B13: Corregir y validar seguridad de pago Webpay y cálculo de honorarios | C13: Seguridad / Pagos | D13: Tarea | E13: Benjamín Jonathan Nicovani Moya | F13: Por hacer | G13: Muy alta | H13: Calcular monto en servidor; verificar pago confirmado, orden y token; prevenir pagos duplicados y remunerar solo transacciones confirmadas; pruebas. | I13: Épica SCRUM-79 | Coordinar datos con Franco | Fecha objetivo: 25/10/2026. | J13: Pendiente de desarrollo y validación.
A14: SCRUM-52 | B14: Automatizar pruebas de búsqueda, reservas, permisos y pagos | C14: QA / Pruebas | D14: Tarea | E14: Franco Eduardo Sáez Martinez | F14: Por hacer | G14: Alta | H14: Automatizar pruebas de filtros, cupos, concurrencia, inscripciones, pagos y permisos; conservar resultados reproducibles y registrar defectos. | I14: Épica SCRUM-79 | Fecha objetivo: 25/10/2026 | En coordinación con el equipo. | J14: Pendiente de desarrollo y validación.

Sheet Sprint 4
A1: Sprint Backlog – LBWUS · Sprint 4
A3: Sprint | B3: Sprint 4 | C3: Estado | D3: Pendiente de planificación | E3: Items seleccionados | F3: 0
A4: Objetivo | B4: Se definirá durante el Sprint Planning correspondiente. | C4: Regla Scrum | D4: El detalle corresponde solo a elementos seleccionados en Sprint Planning. | E4: Fuente | F4: Jira / evidencia del proyecto
A6: ID Jira | B6: Elemento seleccionado | C6: Área / etiqueta | D6: Tipo | E6: Responsable | F6: Estado | G6: Prioridad | H6: Criterio de aceptación / Resultado esperado | I6: Dependencias / Observaciones | J6: Evidencia / Resultado
B7: Sin elementos definidos todavía | I7: Este Sprint Backlog no se completa anticipadamente. Los elementos se incorporarán cuando el equipo realice el Sprint Planning correspondiente, considerando la prioridad vigente del Product Backlog, la capacidad del equipo y los resultados de la iteración anterior.

Sheet Sprint 5
A1: Sprint Backlog – LBWUS · Sprint 5
A3: Sprint | B3: Sprint 5 | C3: Estado | D3: Pendiente de planificación | E3: Items seleccionados | F3: 0
A4: Objetivo | B4: Se definirá durante el Sprint Planning correspondiente. | C4: Regla Scrum | D4: El detalle corresponde solo a elementos seleccionados en Sprint Planning. | E4: Fuente | F4: Jira / evidencia del proyecto
A6: ID Jira | B6: Elemento seleccionado | C6: Área / etiqueta | D6: Tipo | E6: Responsable | F6: Estado | G6: Prioridad | H6: Criterio de aceptación / Resultado esperado | I6: Dependencias / Observaciones | J6: Evidencia / Resultado
B7: Sin elementos definidos todavía | I7: Este Sprint Backlog no se completa anticipadamente. Los elementos se incorporarán cuando el equipo realice el Sprint Planning correspondiente, considerando la prioridad vigente del Product Backlog, la capacidad del equipo y los resultados de la iteración anterior.

Sheet Guía
A1: Guía de uso – Sprint Backlog General LBWUS
A3: Concepto | B3: Cómo aplicarlo en LBWUS
A4: Product Backlog | B4: Contiene todos los elementos priorizables del producto, estén o no asignados a un Sprint.
A5: Sprint Backlog | B5: Contiene únicamente los elementos seleccionados para una iteración concreta durante Sprint Planning.
A6: Sprint Goal | B6: Registrar el Sprint Goal validado por el equipo durante la planificación de la iteración. Los objetivos de los dos primeros Sprints están propuestos y pendientes de confirmación.
A7: Sprints futuros | B7: Los Sprints 4 y 5 siguen sin tareas anticipadas. Su contenido se elegirá en el Sprint Planning correspondiente.
A8: Responsable | B8: Completar con la asignación real de Jira cuando exista.
A9: Estado | B9: Mantener sincronizado con Jira: Por hacer, En curso, En revisión, Finalizado o Bloqueado.
A10: Evidencia | B10: Agregar PR, commit, captura, documento o resultado de prueba que demuestre el trabajo realizado.
A11: Épica | B11: Los Sprints 1 y 2 están relacionados con sus épicas respectivas; el Sprint 3 se asocia a SCRUM-79. Las áreas técnicas siguen como clasificación adicional.
